,Event Name,Date,Location,Attendance
0,UFC 234: Adesanya vs. Silva,02/09/2019,"Melbourne, Victoria, Australia",15238.0
1,UFC Fight Night: Assuncao vs. Moraes 2,02/02/2019,"Fortaleza, Ceara, Brazil",10040.0
2,UFC Fight Night: Cejudo vs. Dillashaw,01/19/2019,"Brooklyn, New York, USA",12152.0
3,UFC 232: Jones vs. Gustafsson 2,12/29/2018,"Los Angeles, California, USA",15862.0
4,UFC Fight Night: Lee vs. Iaquinta,12/15/2018,"Milwaukee, Wisconsin, USA",9010.0
5,UFC 231: Holloway vs. Ortega,12/08/2018,"Toronto, Ontario, Canada",19039.0
6,UFC Fight Night: Dos Santos vs. Tuivasa,12/01/2018,"Adelaide, South Australia, Australia",8652.0
7,UFC - TUF 28 Finale,11/30/2018,"Las Vegas, Nevada, USA",2020.0
8,UFC Fight Night: Blaydes vs. Ngannou 2,11/24/2018,"Beijing, China",10302.0
9,UFC Fight Night: Magny vs. Ponzinibbio,11/17/2018,"Buenos Aires, Buenos Aires, Argentina",10245.0
10,UFC Fight Night: Korean Zombie vs. Rodriguez,11/10/2018,"Denver, Colorado, USA",11426.0
11,UFC 230: Cormier vs. Lewis,11/03/2018,"New York City, New York, USA",17011.0
12,UFC Fight Night: Oezdemir vs. Smith,10/27/2018,"Moncton, New Brunswick, Canada",6282.0
13,UFC 229: Khabib vs. McGregor,10/06/2018,"Las Vegas, Nevada, USA",20034.0
14,UFC Fight Night: Marreta vs. Anders,09/22/2018,"Sao Paulo, Sao Paulo, Brazil",9485.0
15,UFC Fight Night: Hunt vs. Oleinik,09/15/2018,"Moscow, Moscow, Russia",22603.0
16,UFC 228: Woodley vs. Till,09/08/2018,"Dallas, Texas, USA",14073.0
17,UFC Fight Night: Gaethje vs. Vick,08/25/2018,"Lincoln, Nebraska, USA",6409.0
18,UFC 227: Dillashaw vs. Garbrandt 2,08/04/2018,"Los Angeles, California, USA",17794.0
19,UFC Fight Night: Alvarez vs. Poirier 2,07/28/2018,"Calgary, Alberta, Canada",10603.0
20,UFC Fight Night: Shogun vs. Smith,07/22/2018,"Hamburg, Hamburg, Germany",7798.0
21,UFC Fight Night: Dos Santos vs. Ivanov,07/14/2018,"Boise, Idaho, USA",5648.0
22,UFC 226: Miocic vs. Cormier,07/07/2018,"Las Vegas, Nevada, USA",17464.0
23,UFC - TUF 27 Finale,07/06/2018,"Las Vegas, Nevada, USA",2123.0
24,UFC Fight Night: Cowboy vs. Edwards,06/23/2018,"Kallang, Singapore",6419.0
25,UFC 225: Whittaker vs. Romero 2,06/09/2018,"Chicago, Illinois, USA",18117.0
26,UFC Fight Night: Rivera vs. Moraes,06/01/2018,"Utica, New York, USA",5063.0
27,UFC Fight Night: Thompson vs. Till,05/27/2018,"Liverpool, England, United Kingdom",8520.0
28,UFC Fight Night: Maia vs. Usman,05/19/2018,"Santiago, Chile",11082.0
29,UFC 224: Nunes vs. Pennington,05/12/2018,"Rio de Janeiro, Rio de Janeiro, Brazil",10696.0
30,UFC Fight Night: Barboza vs. Lee,04/21/2018,"Atlantic City, New Jersey, USA",9541.0
31,UFC Fight Night: Poirier vs. Gaethje,04/14/2018,"Glendale, Arizona, USA",11382.0
32,UFC 223: Khabib vs. Iaquinta,04/07/2018,"Brooklyn, New York, USA",17026.0
33,UFC Fight Night: Werdum vs. Volkov,03/17/2018,"London, England, United Kingdom",16274.0
34,UFC 222: Cyborg vs. Kunitskaya,03/03/2018,"Las Vegas, Nevada, USA",12041.0
35,UFC Fight Night: Emmett vs. Stephens,02/24/2018,"Orlando, Florida, USA",10124.0
36,UFC Fight Night: Cerrone vs. Medeiros,02/18/2018,"Austin, Texas, USA",10502.0
37,UFC 221: Romero vs. Rockhold,02/10/2018,"Perth, Western Australia, Australia",12437.0
38,UFC Fight Night: Machida vs. Anders,02/03/2018,"Belem, Para, Brazil",10444.0
39,UFC Fight Night: Jacare vs. Brunson 2,01/27/2018,"Charlotte, North Carolina, USA",10249.0
40,UFC 220: Miocic vs. Ngannou,01/20/2018,"Boston, Massachusetts, USA",16015.0
41,UFC Fight Night: Stephens vs. Choi,01/14/2018,"St. Louis, Missouri, USA",10052.0
42,UFC 219: Cyborg vs. Holm,12/30/2017,"Las Vegas, Nevada, USA",13561.0
43,UFC Fight Night: Lawler vs. Dos Anjos,12/16/2017,"Winnipeg, Manitoba, Canada",8862.0
44,UFC Fight Night: Swanson vs. Ortega,12/09/2017,"Fresno, California, USA",7605.0
45,UFC 218: Holloway vs. Aldo 2,12/02/2017,"Detroit, Michigan, USA",17587.0
46,The Ultimate Fighter 26 Finale,12/01/2017,"Las Vegas, Nevada, USA",0.0
47,UFC Fight Night: Bisping vs. Gastelum,11/25/2017,"Shanghai, Hebei, China",15128.0
48,UFC Fight Night: Werdum vs. Tybura,11/18/2017,"Sydney, New South Wales, Australia",10021.0
49,UFC Fight Night: Poirier vs. Pettis,11/11/2017,"Norfolk, Virginia, USA",8442.0
50,UFC 217: Bisping vs. St-Pierre,11/04/2017,"New York City, New York, USA",18201.0
51,UFC Fight Night: Brunson vs. Machida,10/28/2017,"Sao Paulo, Sao Paulo, Brazil",10625.0
52,UFC Fight Night: Cerrone vs. Till,10/21/2017,"Gdansk, Poland",11138.0
53,UFC 216: Ferguson vs. Lee,10/07/2017,"Las Vegas, Nevada, USA",10638.0
54,UFC Fight Night: Saint Preux vs. Okami,09/22/2017,"Saitama, Saitama, Japan",8571.0
55,UFC Fight Night: Rockhold vs. Branch,09/16/2017,"Pittsburgh, Pennsylvania, USA",7005.0
56,UFC 215: Nunes vs Shevchenko 2,09/09/2017,"Edmonton, Alberta, Canada",16232.0
57,UFC Fight Night: Volkov vs. Struve,09/02/2017,"Rotterdam, Zuid-Holland, Netherlands",10421.0
58,UFC Fight Night: Pettis vs. Moreno,08/05/2017,"Mexico City, Distrito Federal, Mexico",10172.0
59,UFC 214: Cormier vs. Jones 2,07/29/2017,"Anaheim, California, USA",16610.0
60,UFC Fight Night: Weidman vs. Gastelum,07/22/2017,"Uniondale, New York, USA",11198.0
61,UFC Fight Night: Nelson vs. Ponzinibbio,07/16/2017,"Glasgow, Scotland, United Kingdom",0.0
62,UFC 213: Romero vs. Whittaker,07/08/2017,"Las Vegas, Nevada, USA",12834.0
63,The Ultimate Fighter 25 Finale,07/07/2017,"Las Vegas, Nevada, USA",6308.0
64,UFC Fight Night: Chiesa vs. Lee,06/25/2017,"Oklahoma City, Oklahoma, USA",7605.0
65,UFC Fight Night: Holm vs. Correia,06/17/2017,"Kallang, Singapore",8411.0
66,UFC Fight Night: Lewis vs. Hunt,06/10/2017,"Auckland, New Zealand",8649.0
67,UFC 212: Aldo vs. Holloway,06/03/2017,"Rio de Janeiro, Rio de Janeiro, Brazil",15412.0
68,UFC Fight Night: Gustafsson vs. Teixeira,05/28/2017,"Stockholm, Sweden",12668.0
69,UFC 211: Miocic vs. Dos Santos,05/13/2017,"Dallas, Texas, USA",17834.0
70,UFC Fight Night: Swanson vs. Lobov,04/22/2017,"Nashville, Tennessee, USA",10144.0
71,UFC Fight Night: Johnson vs. Reis,04/15/2017,"Kansas City, Missouri, USA",12171.0
72,UFC 210: Cormier vs. Johnson 2,04/08/2017,"Buffalo, New York, USA",17110.0
73,UFC Fight Night: Manuwa vs. Anderson,03/18/2017,"London, England, United Kingdom",15761.0
74,UFC Fight Night: Belfort vs. Gastelum,03/11/2017,"Fortaleza, Ceara, Brazil",14069.0
75,UFC 209: Woodley vs. Thompson 2,03/04/2017,"Las Vegas, Nevada, USA",0.0
76,UFC Fight Night: Lewis vs. Browne,02/19/2017,"Halifax, Nova Scotia, Canada",8123.0
77,UFC 208: Holm vs. De Randamie,02/11/2017,"Brooklyn, New York, USA",15628.0
78,UFC Fight Night: Bermudez vs. The Korean Zombie,02/04/2017,"Houston, Texas, USA",8119.0
79,UFC Fight Night: Shevchenko vs. Pena,01/28/2017,"Denver, Colorado, USA",13233.0
80,UFC Fight Night: Rodriguez vs. Penn,01/15/2017,"Phoenix, Arizona, USA",11589.0
81,UFC 207: Nunes vs. Rousey,12/30/2016,"Las Vegas, Nevada, USA",18533.0
82,UFC Fight Night: VanZant vs. Waterson,12/17/2016,"Sacramento, California, USA",13136.0
83,UFC 206: Holloway vs. Pettis,12/10/2016,"Toronto, Ontario, Canada",18057.0
84,UFC Fight Night: Lewis vs. Abdurakhimov,12/09/2016,"Albany, New York, USA",0.0
85,The Ultimate Fighter 24 Finale,12/03/2016,"Las Vegas, Nevada, USA",2044.0
86,UFC Fight Night: Whittaker vs. Brunson,11/26/2016,"Melbourne, Victoria, Australia",13721.0
87,UFC Fight Night: Bader vs. Nogueira,11/19/2016,"Sao Paulo, Sao Paulo, Brazil",9028.0
88,UFC Fight Night: Mousasi vs. Hall 2,11/19/2016,"Belfast, Northern Ireland, United Kingdom",7222.0
89,UFC 205: Alvarez vs McGregor,11/12/2016,"New York City, New York, USA",20427.0
90,UFC Fight Night: Dos Anjos vs. Ferguson,11/05/2016,"Mexico City, Distrito Federal, Mexico",11460.0
91,UFC 204: Bisping vs. Henderson,10/08/2016,"Manchester, England, United Kingdom",16000.0
92,UFC Fight Night: Lineker vs. Dodson,10/01/2016,"Portland, Oregon, USA",6240.0
93,UFC Fight Night: Cyborg vs. Lansberg,09/24/2016,"Brasilia, Distrito Federal, Brazil",8410.0
94,UFC Fight Night: Poirier vs. Johnson,09/17/2016,"Hidalgo, Texas, USA",5624.0
95,UFC 203: Miocic vs. Overeem,09/10/2016,"Cleveland, Ohio, USA",18875.0
96,UFC Fight Night: Arlovski vs. Barnett,09/03/2016,"Hamburg, Hamburg, Germany",11763.0
97,UFC Fight Night: Maia vs. Condit,08/27/2016,"Vancouver, British Columbia, Canada",10533.0
98,UFC 202: Diaz vs. McGregor 2,08/20/2016,"Las Vegas, Nevada, USA",15539.0
99,UFC Fight Night: Rodriguez vs. Caceres,08/06/2016,"Salt Lake City, Utah, USA",6689.0
100,UFC 201: Lawler vs. Woodley,07/30/2016,"Atlanta, Georgia, USA",10240.0
101,UFC Fight Night: Holm vs. Shevchenko,07/23/2016,"Chicago, Illinois, USA",10287.0
102,UFC Fight Night: McDonald vs. Lineker,07/13/2016,"Sioux Falls, South Dakota, USA",5761.0
103,UFC 200: Tate vs Nunes,07/09/2016,"Las Vegas, Nevada, USA",16516.0
104,The Ultimate Fighter 23 Finale,07/08/2016,"Las Vegas, Nevada, USA",8115.0
105,UFC Fight Night: Dos Anjos vs. Alvarez,07/07/2016,"Las Vegas, Nevada, USA",7760.0
106,UFC Fight Night: MacDonald vs Thompson,06/18/2016,"Ottawa, Ontario, Canada",10490.0
107,UFC 199: Rockhold vs. Bisping 2,06/04/2016,"Los Angeles, California, USA",15587.0
108,UFC Fight Night: Almeida vs Garbrandt,05/29/2016,"Las Vegas, Nevada, USA",5193.0
109,UFC 198: Werdum vs Miocic,05/14/2016,"Curitiba, Parana, Brazil",45207.0
110,UFC Fight Night: Overeem vs Arlovski,05/08/2016,"Rotterdam, Zuid-Holland, Netherlands",10421.0
111,UFC 197: Jones vs Saint Preux,04/23/2016,"Las Vegas, Nevada, USA",11352.0
112,UFC Fight Night: Teixeira vs Evans,04/16/2016,"Tampa, Florida, USA",11273.0
113,UFC Fight Night: Rothwell vs Dos Santos,04/10/2016,"Zagreb, Croatia",13177.0
114,UFC Fight Night: Hunt vs Mir,03/19/2016,"Brisbane, Queensland, Australia",9552.0
115,UFC 196: McGregor vs Diaz,03/05/2016,"Las Vegas, Nevada, USA",14898.0
116,UFC Fight Night: Silva vs Bisping,02/27/2016,"London, England, United Kingdom",16734.0
117,UFC Fight Night: Cowboy vs Cowboy,02/21/2016,"Pittsburgh, Pennsylvania, USA",7330.0
118,UFC Fight Night: Hendricks vs Thompson,02/06/2016,"Las Vegas, Nevada, USA",7442.0
119,UFC Fight Night: Johnson vs. Bader,01/30/2016,"Newark, New Jersey, USA",10555.0
120,UFC Fight Night: Dillashaw vs Cruz,01/17/2016,"Boston, Massachusetts, USA",12022.0
121,UFC 195: Lawler vs Condit,01/02/2016,"Las Vegas, Nevada, USA",10300.0
122,UFC on FOX: Dos Anjos vs. Cowboy 2,12/19/2015,"Orlando, Florida, USA",14459.0
123,UFC 194: Aldo vs McGregor,12/12/2015,"Las Vegas, Nevada, USA",16516.0
124,The Ultimate Fighter 22 Finale,12/11/2015,"Las Vegas, Nevada, USA",0.0
125,UFC Fight Night: Namajunas vs. VanZant,12/10/2015,"Las Vegas, Nevada, USA",1643.0
126,UFC Fight Night: Henderson vs Masvidal,11/28/2015,"Seoul, South Korea",12156.0
127,UFC Fight Night: Magny vs Gastelum,11/21/2015,"Monterrey, Nuevo Leon, Mexico",10410.0
128,UFC 193: Rousey vs Holm,11/14/2015,"Melbourne, Victoria, Australia",56214.0
129,UFC Fight Night: Belfort vs Henderson,11/07/2015,"Sao Paulo, Sao Paulo, Brazil",0.0
130,UFC Fight Night: Holohan vs Smolka,10/24/2015,"Dublin, Leinster, Ireland",8456.0
131,UFC 192: Cormier vs Gustafsson,10/03/2015,"Houston, Texas, USA",14622.0
132,UFC Fight Night: Barnett vs Nelson,09/26/2015,"Saitama, Japan",10137.0
133,UFC 191: Johnson vs Dodson 2,09/05/2015,"Las Vegas, Nevada, USA",10873.0
134,UFC Fight Night: Holloway vs Oliveira,08/23/2015,"Saskatoon, Saskatchewan, Canada",7202.0
135,UFC Fight Night: Teixeira vs Saint Preux,08/08/2015,"Nashville, Tennessee, USA",7539.0
136,UFC 190: Rousey vs Correia,08/01/2015,"Rio de Janeiro, Rio de Janeiro, Brazil",14723.0
137,UFC on Fox: Dillashaw vs. Barao II,07/25/2015,"Chicago, Illinois, USA",10795.0
138,UFC Fight Night: Bisping vs Leites,07/18/2015,"Glasgow, Scotland, United Kingdom",10451.0
139,UFC Fight Night: Mir vs Duffee,07/15/2015,"San Diego, California, USA",5471.0
140,The Ultimate Fighter 21 Finale,07/12/2015,"Las Vegas, Nevada, USA",4844.0
141,UFC 189: Mendes vs McGregor,07/11/2015,"Las Vegas, Nevada, USA",16019.0
142,UFC Fight Night: Machida vs Romero,06/27/2015,"Hollywood, Florida, USA",5604.0
143,UFC Fight Night: Jedrzejczyk vs Penne,06/20/2015,"Berlin, Berlin, Germany",8155.0
144,UFC 188: Velasquez vs Werdum,06/13/2015,"Mexico City, Distrito Federal, Mexico",21036.0
145,UFC Fight Night: Boetsch vs Henderson,06/06/2015,"New Orleans, Louisiana, USA",6231.0
146,UFC Fight Night: Condit vs Alves,05/30/2015,"Goiania, Goias, Brazil",3500.0
147,UFC 187: Johnson vs Cormier,05/23/2015,"Las Vegas, Nevada, USA",12615.0
148,UFC Fight Night: Edgar vs Faber,05/16/2015,"Manila, Philippines",13446.0
149,UFC Fight Night: Miocic vs Hunt,05/09/2015,"Adelaide, South Australia, Australia",7984.0
150,UFC 186: Johnson vs Horiguchi,04/25/2015,"Montreal, Quebec, Canada",10154.0
151,UFC Fight Night: Machida vs Rockhold,04/18/2015,"Newark, New Jersey, USA",13306.0
152,UFC Fight Night: Gonzaga vs Cro Cop 2,04/11/2015,"Krakow, Poland",10000.0
153,UFC Fight Night: Mendes vs Lamas,04/04/2015,"Fairfax, Virginia, USA",0.0
154,UFC Fight Night: Maia vs LaFlare,03/21/2015,"Rio de Janeiro, Brazil",7707.0
155,UFC 185: Pettis vs Dos Anjos,03/14/2015,"Dallas, Texas, USA",17160.0
156,UFC 184: Rousey vs Zingano,02/28/2015,"Los Angeles, California, USA",17654.0
157,UFC Fight Night: Bigfoot vs Mir,02/22/2015,"Porto Alegre, Rio Grande do Sul, Brazil",5080.0
158,UFC Fight Night: Henderson vs Thatch,02/14/2015,"Broomfield, Colorado, USA",5807.0
159,UFC 183: Silva vs Diaz,01/31/2015,"Las Vegas, Nevada, USA",13114.0
160,UFC Fight Night: Gustafsson vs Johnson,01/24/2015,"Stockholm, Sweden",30000.0
161,UFC Fight Night: McGregor vs Siver,01/18/2015,"Boston, Massachusetts, USA",13828.0
162,UFC 182: Jones vs Cormier,01/03/2015,"Las Vegas, Nevada, USA",11575.0
163,UFC Fight Night: Machida vs Dollaway,12/20/2014,"Barueri, Sao Paulo, Brazil",0.0
164,UFC Fight Night: Dos Santos vs Miocic,12/13/2014,"Phoenix, Arizona, USA",15300.0
165,The Ultimate Fighter 20 Finale,12/12/2014,"Las Vegas, Nevada, USA",1800.0
166,UFC 181: Hendricks vs Lawler II,12/06/2014,"Las Vegas, Nevada, USA",9617.0
167,UFC Fight Night: Edgar vs Swanson,11/22/2014,"Austin, Texas, USA",10131.0
168,UFC 180: Werdum vs Hunt,11/15/2014,"Mexico City, Distrito Federal, Mexico",21000.0
169,UFC Fight Night 56: Shogun vs Saint Preux,11/08/2014,"Uberlandia, Minas Gerais, Brazil",5671.0
170,UFC Fight Night: Rockhold vs Bisping,11/07/2014,"Sydney, New South Wales, Australia",9904.0
171,UFC 179: Aldo vs Mendes 2,10/25/2014,"Rio de Janeiro, Brazil",11415.0
172,UFC Fight Night: MacDonald vs Saffiedine,10/04/2014,"Halifax, Nova Scotia, Canada",10782.0
173,UFC Fight Night: Nelson vs Story,10/04/2014,"Stockholm, Sweden",10026.0
174,UFC 178: Johnson vs Cariaso,09/27/2014,"Las Vegas, Nevada, USA",10544.0
175,UFC Fight Night: Hunt vs Nelson,09/20/2014,"Saitama, Japan",12395.0
176,UFC Fight Night: Silva vs Arlovski,09/13/2014,"Brasilia, Distrito Federal, Brazil",7649.0
177,UFC Fight Night: Souza vs Mousasi,09/05/2014,"Ledyard, Connecticut, USA",0.0
178,UFC 177: Dillashaw vs Soto,08/30/2014,"Sacramento, California, USA",11100.0
179,UFC Fight Night: Henderson vs Dos Anjos,08/23/2014,"Tulsa, Oklahoma, USA",7119.0
180,UFC Fight Night: Bisping vs Le,08/23/2014,"Macau, China",7022.0
181,UFC Fight Night: Bader vs Saint Preux,08/16/2014,"Bangor, Maine, USA",5329.0
182,UFC on Fox: Lawler vs Brown,07/26/2014,"San Jose, California, USA",11482.0
183,UFC Fight Night: McGregor vs Brandao,07/19/2014,"Dublin, Leinster, Ireland",9500.0
184,UFC Fight Night: Cerrone vs Miller,07/16/2014,"Atlantic City, New Jersey, USA",4115.0
185,The Ultimate Fighter 19 Finale,07/06/2014,"Las Vegas, Nevada, USA",6500.0
186,UFC 175: Weidman vs Machida,07/05/2014,"Las Vegas, Nevada, USA",10088.0
187,UFC Fight Night: Swanson vs Stephens,06/28/2014,"San Antonio, Texas, USA",9227.0
188,UFC Fight Night: Te Huna vs Marquardt,06/28/2014,"Auckland, New Zealand",8089.0
189,UFC 174: Johnson vs Bagautinov,06/14/2014,"Vancouver, British Columbia, Canada",13506.0
190,UFC Fight Night: Henderson vs Khabilov,06/07/2014,"Albuquerque, New Mexico, USA",8775.0
191,TUF Brazil Finale: Miocic vs Maldonado,05/31/2014,"Sao Paulo, Brazil",8986.0
192,UFC Fight Night: Munoz vs Mousasi,05/31/2014,"Berlin, Germany",8000.0
193,UFC 173: Barao vs Dillashaw,05/24/2014,"Las Vegas, Nevada, USA",11036.0
194,UFC Fight Night: Brown vs Silva,05/10/2014,"Cincinnati, Ohio, USA",6143.0
195,UFC 172: Jones vs Teixeira,04/26/2014,"Baltimore, Maryland, USA",13485.0
196,UFC on Fox: Werdum vs Browne,04/19/2014,"Orlando, Florida, USA",17000.0
197,UFC Fight Night: Bisping vs Kennedy,04/16/2014,"Quebec City, Quebec, Canada",5029.0
198,UFC Fight Night: Minotauro vs Nelson,04/11/2014,"Abu Dhabi, United Arab Emirates",7963.0
199,UFC Fight Night: Shogun vs Henderson,03/23/2014,"Natal, Rio Grande do Norte, Brazil",6828.0
200,UFC 171: Hendricks vs Lawler,03/15/2014,"Dallas, Texas, USA",19324.0
201,UFC Fight Night: Gustafsson vs Manuwa,03/08/2014,"London, England, United Kingdom",14604.0
202,UFC Fight Night: Kim vs Hathaway,03/01/2014,"Macau, China",6000.0
203,UFC 170: Rousey vs McMann,02/22/2014,"Las Vegas, Nevada, USA",10217.0
204,UFC Fight Night: Machida vs Mousasi,02/15/2014,"Jaragua do Sul, Santa Catarina, Brazil",7511.0
205,UFC 169: Barao vs Faber 2,02/01/2014,"Newark, New Jersey, USA",14308.0
206,UFC on Fox: Henderson vs Thomson,01/25/2014,"Chicago, Illinois, USA",10895.0
207,UFC Fight Night: Rockhold vs Philippou,01/15/2014,"Duluth, Georgia, USA",5822.0
208,UFC Fight Night: Saffiedine vs Lim,01/04/2014,"Singapore, Singapore",5216.0
209,UFC 168: Weidman vs Silva 2,12/28/2013,"Las Vegas, Nevada, USA",15650.0
210,UFC on Fox: Johnson vs. Benavidez 2,12/14/2013,"Sacramento, California, USA",11573.0
211,UFC Fight Night: Hunt vs Bigfoot,12/06/2013,"Brisbane, Queensland, Australia",11393.0
212,The Ultimate Fighter 18 Finale,11/30/2013,"Las Vegas, Nevada, USA",4346.0
213,UFC 167: St-Pierre vs Hendricks,11/16/2013,"Las Vegas, Nevada, USA",14856.0
214,UFC Fight Night: Belfort vs Henderson,11/09/2013,"Goiania, Goias, Brazil",10565.0
215,UFC Fight Night: Fight for the Troops,11/06/2013,"Fort Campbell, Kentucky, USA",0.0
216,UFC Fight Night: Machida vs Munoz,10/26/2013,"Manchester, England, United Kingdom",10355.0
217,UFC 166: Velasquez vs Dos Santos 3,10/19/2013,"Houston, Texas, USA",17238.0
218,UFC Fight Night: Maia vs Shields,10/09/2013,"Barueri, Sao Paulo, Brazil",6621.0
219,UFC 165: Jones vs Gustafsson,09/21/2013,"Toronto, Ontario, Canada",15504.0
220,UFC Fight Night: Teixeira vs Bader,09/04/2013,"Belo Horizonte, Minas Gerais, Brazil",5126.0
221,UFC 164: Henderson vs Pettis 2,08/31/2013,"Milwaukee, Wisconsin, USA",9178.0
222,UFC Fight Night: Condit vs Kampmann 2,08/28/2013,"Indianapolis, Indiana, USA",6417.0
223,UFC Fight Night: Shogun vs Sonnen,08/17/2013,"Boston, Massachusetts, USA",14181.0
224,UFC 163: Aldo vs Jung,08/03/2013,"Rio de Janeiro, Brazil",13873.0
225,UFC on Fox: Johnson vs Moraga,07/27/2013,"Seattle, Washington, USA",8967.0
226,UFC 162: Silva vs Weidman,07/06/2013,"Las Vegas, Nevada, USA",12964.0
227,UFC 161: Evans vs Henderson,06/15/2013,"Winnipeg, Manitoba, Canada",14754.0
228,UFC on FUEL TV 10,06/08/2013,"Fortaleza, Ceara, Brazil",6286.0
229,UFC 160: Velasquez vs Silva 2,05/25/2013,"Las Vegas, Nevada, USA",12380.0
230,UFC on FX: Belfort vs. Rockhold,05/18/2013,"Jaragua do Sul, Santa Catarina, Brazil",7642.0
231,UFC 159: Jones vs Sonnen,04/27/2013,"Newark, New Jersey, USA",15227.0
232,UFC on FOX: Henderson vs Melendez,04/20/2013,"San Jose, California, USA",13506.0
233,The Ultimate Fighter 17 Finale,04/13/2013,"Las Vegas, Nevada, USA",5382.0
234,UFC on FUEL TV 9: Mousasi vs Latifi,04/06/2013,"Stockholm, Sweden",14506.0
235,UFC 158: St-Pierre vs Diaz,03/16/2013,"Montreal, Quebec, Canada",20145.0
236,UFC on FUEL TV: Japan,03/02/2013,"Saitama, Japan",14682.0
237,UFC 157: Rousey vs Carmouche,02/23/2013,"Anaheim, California, USA",13257.0
238,UFC on FUEL TV: Barao vs McDonald,02/16/2013,"London, England, United Kingdom",10349.0
239,UFC 156: Aldo vs Edgar,02/02/2013,"Las Vegas, Nevada, USA",10275.0
240,UFC on Fox: Johnson vs Dodson,01/26/2013,"Chicago, Illinois, USA",16091.0
241,UFC on FX: Belfort vs Bisping,01/19/2013,"Sao Paulo, Brazil",9116.0
242,UFC 155: Dos Santos vs Velasquez II,12/29/2012,"Las Vegas, Nevada, USA",13561.0
243,The Ultimate Fighter 16 Finale,12/15/2012,"Las Vegas, Nevada, USA",2427.0
244,UFC on FX: Sotiropoulos vs Pearson,12/14/2012,"Gold Coast, Queensland, Australia",5133.0
245,UFC on Fox: Henderson vs Diaz,12/08/2012,"Seattle, Washington, USA",14412.0
246,UFC 154: St-Pierre vs Condit,11/17/2012,"Montreal, Quebec, Canada",17249.0
247,UFC Macao: Franklin vs Le,11/10/2012,"Macau, China",8415.0
248,UFC 153: Silva vs Bonnar,10/13/2012,"Rio de Janeiro, Brazil",16844.0
249,UFC on FX: Browne vs Bigfoot,10/05/2012,"Minneapolis, Minnesota, USA",7055.0
250,UFC on FUEL TV: Struve vs Miocic,09/29/2012,"Nottingham, England, United Kingdom",7241.0
251,UFC 152: Jones vs Belfort,09/22/2012,"Toronto, Ontario, Canada",16800.0
252,UFC 150: Henderson vs Edgar II,08/11/2012,"Denver, Colorado, USA",13027.0
253,UFC on FOX: Shogun vs Vera,08/04/2012,"Los Angeles, California, USA",16080.0
254,UFC 149: Faber vs Barao,07/21/2012,"Calgary, Alberta, Canada",16089.0
255,UFC on FUEL TV: Munoz vs Weidman,07/11/2012,"San Jose, California, USA",4250.0
256,UFC 148: Silva vs Sonnen 2,07/07/2012,"Las Vegas, Nevada, USA",15104.0
257,UFC 147: Silva vs Franklin 2,06/23/2012,"Belo Horizonte, Minas Gerais, Brazil",16643.0
258,UFC on FX: Maynard vs Guida,06/22/2012,"Atlantic City, New Jersey, USA",4652.0
259,UFC on FX: Johnson vs McCall,06/08/2012,"Sunrise, Florida, USA",6635.0
260,The Ultimate Fighter LIVE Finale,06/01/2012,"Las Vegas, Nevada, USA",1628.0
261,UFC 146: Dos Santos vs Mir,05/26/2012,"Las Vegas, Nevada, USA",14674.0
262,UFC on FUEL TV: Korean Zombie vs Poirier,05/15/2012,"Fairfax, Virginia, USA",6668.0
263,UFC on FOX: Diaz vs Miller,05/05/2012,"East Rutherford, New Jersey, USA",10788.0
264,UFC 145: Jones vs Evans,04/21/2012,"Atlanta, Georgia, USA",15545.0
265,UFC on FUEL TV: Gustafsson vs Silva,04/14/2012,"Stockholm, Sweden",15428.0
266,UFC on FX: Alves vs Kampmann,03/02/2012,"Sydney, New South Wales, Australia",14537.0
267,UFC 144: Edgar vs Henderson,02/25/2012,"Saitama, Japan",0.0
268,UFC on FUEL TV: Sanchez vs Ellenberger,02/15/2012,"Omaha, Nebraska, USA",7120.0
269,UFC 143: Diaz vs Condit,02/04/2012,"Las Vegas, Nevada, USA",9015.0
270,UFC on FOX: Evans vs Davis,01/28/2012,"Chicago, Illinois, USA",16963.0
271,UFC on FX: Guillard vs Miller,01/20/2012,"Nashville, Tennessee, USA",0.0
272,UFC 142: Aldo vs Mendes,01/14/2012,"Rio de Janeiro, Brazil",0.0
273,UFC 141: Lesnar vs Overeem,12/30/2011,"Las Vegas, Nevada, USA",0.0
274,UFC 140: Jones vs Machida,12/10/2011,"Toronto, Ontario, Canada",18303.0
275,The Ultimate Fighter 14 Finale: Team Bisping vs Team Miller,12/03/2011,"Las Vegas, Nevada, USA",1909.0
276,UFC 139: Shogun vs Henderson,11/19/2011,"San Jose, California, USA",13832.0
277,UFC on Fox: Velasquez vs Dos Santos,11/12/2011,"Anaheim, California, USA",11607.0
278,UFC 138: Leben vs Munoz,11/05/2011,"Birmingham, England, United Kingdom",10823.0
279,UFC 137: Penn vs Diaz,10/29/2011,"Las Vegas, Nevada, USA",10313.0
280,UFC 136: Edgar vs Maynard 3,10/08/2011,"Houston, Texas, USA",16146.0
281,UFC LIVE 6: Cruz vs Johnson,10/01/2011,"Washington, DC, USA",9380.0
282,UFC 135: Jones vs Rampage,09/24/2011,"Denver, Colorado, USA",16344.0
283,UFC Fight Night Live: Shields vs Ellenberger,09/17/2011,"New Orleans, Louisiana, USA",7112.0
284,UFC 134: Silva vs Okami,08/27/2011,"Rio de Janeiro, Brazil",0.0
285,UFC LIVE 5: Hardy vs Lytle,08/14/2011,"Milwaukee, Wisconsin, USA",6751.0
286,UFC 133: Evans vs Ortiz 2,08/06/2011,"Philadelphia, Pennsylvania, USA",11583.0
287,UFC 132: Cruz vs Faber,07/02/2011,"Las Vegas, Nevada, USA",13109.0
288,UFC Live on Versus: Kongo vs Barry,06/26/2011,"Pittsburgh, Pennsylvania, USA",7792.0
289,UFC 131: Dos Santos vs Carwin,06/11/2011,"Vancouver, British Columbia, Canada",14685.0
290,The Ultimate Fighter Finale: Team Lesnar vs Team Dos Santos,06/04/2011,"Las Vegas, Nevada, USA",2035.0
291,UFC 130: Rampage vs Hamill,05/28/2011,"Las Vegas, Nevada, USA",12753.0
292,UFC 129: St-Pierre vs Shields,04/30/2011,"Toronto, Ontario, Canada",55724.0
293,UFC Fight Night Live: Nogueira vs Davis,03/26/2011,"Seattle, Washington, USA",13741.0
294,UFC 128: Shogun vs Jones,03/19/2011,"Newark, New Jersey, USA",12619.0
295,UFC on VERSUS: Sanchez vs Kampmann,03/03/2011,"Louisville, Kentucky, USA",8319.0
296,UFC 127: Penn vs Fitch,02/26/2011,"Sydney, New South Wales, Australia",18186.0
297,UFC 126: Silva vs Belfort,02/05/2011,"Las Vegas, Nevada, USA",9667.0
298,UFC Fight Night: Fight for the Troops 2,01/22/2011,"Killeen, Texas, USA",3200.0
299,UFC 125: Resolution,01/01/2011,"Las Vegas, Nevada, USA",12874.0
300,UFC 124: St-Pierre vs Koscheck 2,12/11/2010,"Montreal, Quebec, Canada",23152.0
301,The Ultimate Fighter 12: Team GSP vs Team Koscheck,12/04/2010,"Las Vegas, Nevada, USA",1903.0
302,UFC 123: Rampage vs Machida,11/20/2010,"Auburn Hills, Michigan, USA",16404.0
303,UFC 122: Marquardt vs Okami,11/13/2010,"Oberhausen, North Rhine-Westphalia, Germany",8421.0
304,UFC 121: Lesnar vs Velasquez,10/23/2010,"Anaheim, California, USA",14856.0
305,UFC 120: Bisping vs Akiyama,10/16/2010,"London, England, United Kingdom",17133.0
306,UFC 119: Mir vs Cro Cop,09/25/2010,"Indianapolis, Indiana, USA",15811.0
307,UFC Fight Night: Marquardt vs Palhares,09/15/2010,"Austin, Texas, USA",7724.0
308,UFC 118: Edgar vs Penn 2,08/28/2010,"Boston, Massachusetts, USA",14168.0
309,UFC 117: Silva vs Sonnen,08/07/2010,"Oakland, California, USA",12971.0
310,UFC LIVE: Jones vs Matyushenko,08/01/2010,"San Diego, California, USA",8132.0
311,UFC 116: Lesnar vs Carwin,07/03/2010,"Las Vegas, Nevada, USA",12740.0
312,The Ultimate Fighter FINALE: Team Liddell vs Team Ortiz,06/19/2010,"Las Vegas, Nevada, USA",1889.0
313,UFC 115: Liddell vs Franklin,06/12/2010,"Vancouver, British Columbia, Canada",17669.0
314,UFC 114: Rampage vs Evans,05/29/2010,"Las Vegas, Nevada, USA",14996.0
315,UFC 113: Machida vs Shogun 2,05/08/2010,"Montreal, Quebec, Canada",17647.0
316,UFC 112: Invincible,04/10/2010,"Abu Dhabi, United Arab Emirates",11008.0
317,UFC Fight Night: Florian vs Gomi,03/31/2010,"Charlotte, North Carolina, USA",7700.0
318,UFC 111: St-Pierre vs Hardy,03/27/2010,"Newark, New Jersey, USA",17000.0
319,UFC on Versus: Vera vs Jones,03/21/2010,"Broomfield, Colorado, USA",6443.0
320,UFC 110: Nogueira vs Velasquez,02/20/2010,"Sydney, New South Wales, Australia",17831.0
321,UFC 109: Relentless,02/06/2010,"Las Vegas, Nevada, USA",10687.0
322,UFC Fight Night: Maynard vs Diaz,01/11/2010,"Fairfax, Virginia, USA",8078.0
323,UFC 108: Evans vs Silva,01/02/2010,"Las Vegas, Nevada, USA",13255.0
324,UFC 107: Penn vs Sanchez,12/12/2009,"Memphis, Tennessee, USA",13896.0
325,The Ultimate Fighter: Heavyweights Finale,12/05/2009,"Las Vegas, Nevada, USA",1791.0
326,UFC 106: Ortiz vs Griffin 2,11/21/2009,"Las Vegas, Nevada, USA",10529.0
327,UFC 105: Couture vs Vera,11/14/2009,"Manchester, England, United Kingdom",16693.0
328,UFC 104: Machida vs Shogun,10/24/2009,"Los Angeles, California, USA",14892.0
329,UFC 103: Franklin vs Belfort,09/19/2009,"Dallas, Texas, USA",17428.0
330,UFC Fight Night: Diaz vs Guillard,09/16/2009,"Oklahoma City, Oklahoma, USA",9490.0
331,UFC 102: Couture vs Nogueira,08/29/2009,"Portland, Oregon, USA",16088.0
332,UFC 101: Declaration,08/08/2009,"Philadelphia, Pennsylvania, USA",17411.0
333,UFC 100,07/11/2009,"Las Vegas, Nevada, USA",10871.0
334,The Ultimate Fighter: Team US vs Team UK Finale,06/20/2009,"Las Vegas, Nevada, USA",2217.0
335,UFC 99: The Comeback,06/13/2009,"Cologne, North Rhine-Westphalia, Germany",12800.0
336,UFC 98: Evans vs Machida,05/23/2009,"Las Vegas, Nevada, USA",12606.0
337,UFC 97: Redemption,04/18/2009,"Montreal, Quebec, Canada",21451.0
338,UFC Fight Night: Condit vs Kampmann,04/01/2009,"Nashville, Tennessee, USA",10267.0
339,UFC 96: Jackson vs Jardine,03/07/2009,"Columbus, Ohio, USA",17033.0
340,UFC 95: Sanchez vs Stevenson,02/21/2009,"London, England, United Kingdom",13268.0
341,UFC Fight Night: Lauzon vs Stephens,02/07/2009,"Tampa, Florida, USA",7596.0
342,UFC 94: St-Pierre vs Penn 2,01/31/2009,"Las Vegas, Nevada, USA",14885.0
343,UFC 93: Franklin vs Henderson,01/17/2009,"Dublin, Leinster, Ireland",9345.0
344,UFC 92: The Ultimate 2008,12/27/2008,"Las Vegas, Nevada, USA",14166.0
345,The Ultimate Fighter Finale: Team Nog vs Team Mir,12/13/2008,"Las Vegas, Nevada, USA",1853.0
346,UFC Fight Night - Fight for the Troops,12/10/2008,"Fayetteville, North Carolina, USA",10000.0
347,UFC 91: Couture vs Lesnar,11/15/2008,"Las Vegas, Nevada, USA",14272.0
348,UFC 90: Silva vs Cote,10/25/2008,"Rosemont, Illinois, USA",15539.0
349,UFC 89: Bisping vs Leben,10/18/2008,"Birmingham, England, United Kingdom",9512.0
350,UFC Fight Night: Diaz vs Neer,09/17/2008,"Omaha, Nebraska, USA",7000.0
351,UFC 88: Breakthrough,09/06/2008,"Atlanta, Georgia, USA",14736.0
352,UFC 87: Seek And Destroy,08/09/2008,"Minneapolis, Minnesota, USA",15082.0
353,UFC: Silva vs Irvin,07/19/2008,"Las Vegas, Nevada, USA",2071.0
354,UFC 86: Jackson vs Griffin,07/05/2008,"Las Vegas, Nevada, USA",10990.0
355,The Ultimate Fighter Finale: Team Rampage vs Team Forrest,06/21/2008,"Las Vegas, Nevada, USA",2140.0
356,UFC 85: Bedlam,06/07/2008,"London, England, United Kingdom",15327.0
357,UFC 84: Ill Will,05/24/2008,"Las Vegas, Nevada, USA",14773.0
358,UFC 83: Serra vs St-Pierre 2,04/19/2008,"Montreal, Quebec, Canada",21390.0
359,UFC Fight Night: Florian vs Lauzon,04/02/2008,"Broomfield, Colorado, USA",7000.0
360,UFC 82: Pride of a Champion,03/01/2008,"Columbus, Ohio, USA",16326.0
361,UFC 81: Breaking Point,02/02/2008,"Las Vegas, Nevada, USA",10681.0
362,UFC Fight Night: Swick vs Burkman,01/23/2008,"Las Vegas, Nevada, USA",2471.0
363,UFC 80: Rapid Fire,01/19/2008,"Newcastle, England, United Kingdom",8214.0
364,UFC 79: Nemesis,12/29/2007,"Las Vegas, Nevada, USA",11075.0
365,The Ultimate Fighter: Team Serra vs Team Hughes Finale,12/08/2007,"Las Vegas, Nevada, USA",2449.0
366,UFC 78: Validation,11/17/2007,"Newark, New Jersey, USA",14071.0
367,UFC 77: Hostile Territory,10/20/2007,"Cincinnati, Ohio, USA",16054.0
368,UFC 76: Knockout,09/22/2007,"Anaheim, California, USA",14087.0
369,UFC Fight Night: Thomas vs Florian,09/19/2007,"Las Vegas, Nevada, USA",1678.0
370,UFC 75: Champion vs Champion,09/08/2007,"London, England, United Kingdom",16235.0
371,UFC 74: Respect,08/25/2007,"Las Vegas, Nevada, USA",11065.0
372,UFC 73: Stacked,07/07/2007,"Sacramento, California, USA",14371.0
373,The Ultimate Fighter 5 Finale,06/23/2007,"Las Vegas, Nevada, USA",3000.0
374,UFC 72: Victory,06/16/2007,"Belfast, Northern Ireland, United Kingdom",9000.0
375,UFC Fight Night: Stout vs Fisher,06/12/2007,"Hollywood, Florida, USA",5100.0
376,UFC 71: Liddell vs Jackson,05/26/2007,"Las Vegas, Nevada, USA",14727.0
377,UFC 70: Nations Collide,04/21/2007,"Manchester, England, United Kingdom",15114.0
378,UFC 69: Shootout,04/07/2007,"Houston, Texas, USA",15269.0
379,UFC Fight Night: Stevenson vs Guillard,04/05/2007,"Las Vegas, Nevada, USA",1734.0
380,UFC 68: The Uprising,03/03/2007,"Columbus, Ohio, USA",19079.0
381,UFC 67: All or Nothing,02/03/2007,"Las Vegas, Nevada, USA",10787.0
382,UFC Fight Night: Evans vs Salmon,01/25/2007,"Hollywood, Florida, USA",5287.0
383,UFC 66: Liddell vs Ortiz 2,12/30/2006,"Las Vegas, Nevada, USA",13761.0
384,UFC Fight Night: Sanchez vs Riggs,12/13/2006,"San Diego, California, USA",3000.0
385,UFC 65: Bad Intentions,11/18/2006,"Sacramento, California, USA",14666.0
386,The Ultimate Fighter 4 Finale,11/11/2006,"Las Vegas, Nevada, USA",962.0
387,UFC 64: Unstoppable,10/14/2006,"Las Vegas, Nevada, USA",10773.0
388,Ortiz vs Shamrock 3: The Final Chapter,10/10/2006,"Hollywood, Florida, USA",0.0
389,UFC 63: Hughes vs Penn,09/23/2006,"Anaheim, California, USA",12604.0
390,UFC 62: Liddell vs Sobral,08/26/2006,"Las Vegas, Nevada, USA",10503.0
391,UFC Fight Night 6,08/17/2006,"Las Vegas, Nevada, USA",1412.0
392,UFC 61: Bitter Rivals,07/08/2006,"Las Vegas, Nevada, USA",11173.0
393,UFC Fight Night 5,06/28/2006,"Las Vegas, Nevada, USA",594.0
394,The Ultimate Fighter 3 Finale,06/24/2006,"Las Vegas, Nevada, USA",949.0
395,UFC 60: Hughes vs Gracie,05/27/2006,"Los Angeles, California, USA",14765.0
396,UFC 59: Reality Check,04/15/2006,"Anaheim, California, USA",13814.0
397,UFC Fight Night 4,04/06/2006,"Las Vegas, Nevada, USA",943.0
398,UFC 58: USA vs Canada,03/04/2006,"Las Vegas, Nevada, USA",10091.0
399,UFC 57: Liddell vs Couture 3,02/04/2006,"Las Vegas, Nevada, USA",11183.0
400,UFC Fight Night 3,01/16/2006,"Las Vegas, Nevada, USA",1500.0
401,UFC 56: Full Force,11/19/2005,"Las Vegas, Nevada, USA",11926.0
402,The Ultimate Fighter 2 Finale,11/05/2005,"Las Vegas, Nevada, USA",1234.0
403,UFC 55: Fury,10/07/2005,"Uncasville, Connecticut, USA",6000.0
404,UFC Fight Night 2,10/03/2005,"Las Vegas, Nevada, USA",911.0
405,UFC 54: Boiling Point,08/20/2005,"Las Vegas, Nevada, USA",13520.0
406,UFC Fight Night 1,08/06/2005,"Las Vegas, Nevada, USA",2956.0
407,UFC 53: Heavy Hitters,06/04/2005,"Atlantic City, New Jersey, USA",12000.0
408,UFC 52: Couture vs Liddell 2,04/16/2005,"Las Vegas, Nevada, USA",14274.0
409,The Ultimate Fighter 1 Finale,04/09/2005,"Las Vegas, Nevada, USA",2000.0
410,UFC 51: Super Saturday,02/05/2005,"Las Vegas, Nevada, USA",11072.0
411,UFC 50: The War Of '04,10/22/2004,"Atlantic City, New Jersey, USA",9000.0
412,UFC 49: Unfinished Business,08/21/2004,"Las Vegas, Nevada, USA",12100.0
413,UFC 48: Payback,06/19/2004,"Las Vegas, Nevada, USA",10000.0
414,UFC 47: It's On!,04/02/2004,"Las Vegas, Nevada, USA",11413.0
415,UFC 46: Supernatural,01/31/2004,"Las Vegas, Nevada, USA",10620.0
416,UFC 45: Revolution,11/21/2003,"Uncasville, Connecticut, USA",9200.0
417,UFC 44: Undisputed,09/26/2003,"Las Vegas, Nevada, USA",10143.0
418,UFC 43: Meltdown,06/06/2003,"Las Vegas, Nevada, USA",9464.0
419,UFC 42: Sudden Impact,04/25/2003,"Miami, Florida, USA",7500.0
420,UFC 41: Onslaught,02/28/2003,"Atlantic City, New Jersey, USA",13707.0
421,UFC 40: Vendetta,11/22/2002,"Las Vegas, Nevada, USA",13275.0
422,UFC 39: The Warriors Return,09/27/2002,"Uncasville, Connecticut, USA",7514.0
423,UFC 38: Brawl at the Hall,07/13/2002,"London, England, United Kingdom",5000.0
424,UFC 37.5: As Real As It Gets,06/22/2002,"Las Vegas, Nevada, USA",3958.0
425,UFC 37: High Impact,05/10/2002,"Bossier City, Louisiana, USA",7200.0
426,UFC 36: Worlds Collide,03/22/2002,"Las Vegas, Nevada, USA",10000.0
427,UFC 35: Throwdown,01/11/2002,"Uncasville, Connecticut, USA",9600.0
428,UFC 34: High Voltage,11/02/2001,"Las Vegas, Nevada, USA",6116.0
429,UFC 33: Victory in Vegas,09/28/2001,"Las Vegas, Nevada, USA",8691.0
430,UFC 32: Showdown in the Meadowlands,06/29/2001,"East Rutherford, New Jersey, USA",11492.0
431,UFC 31: Locked and Loaded,05/04/2001,"Atlantic City, New Jersey, USA",5000.0
432,UFC 30: Battle on the Boardwalk,02/23/2001,"Atlantic City, New Jersey, USA",5000.0
433,UFC 29: Defense of the Belts,12/16/2000,"Tokyo, Japan",1414.0
434,UFC 28: High Stakes,11/17/2000,"Atlantic City, New Jersey, USA",5000.0
435,UFC 27: Ultimate Bad Boyz,09/22/2000,"New Orleans, Louisiana, USA",1000.0
436,UFC 26: Ultimate Field Of Dreams,06/09/2000,"Cedar Rapids, Iowa, USA",1100.0
437,UFC 25: Ultimate Japan 3,04/14/2000,"Tokyo, Japan",3000.0
438,UFC 24: First Defense,03/10/2000,"Lake Charles, Louisiana, USA",0.0
439,UFC 23: Ultimate Japan 2,11/19/1999,"Chiba, Japan",3600.0
440,UFC 22: Only One Can be Champion,09/24/1999,"Lake Charles, Louisiana, USA",4000.0
441,UFC 21: Return of the Champions,07/16/1999,"Cedar Rapids, Iowa, USA",3000.0
442,UFC 20: Battle for the Gold,05/07/1999,"Birmingham, Alabama, USA",0.0
443,UFC 19: Ultimate Young Guns,03/05/1999,"Bay St. Louis, Mississippi, USA",1700.0
444,UFC 18: The Road to the Heavyweight Title,01/08/1999,"New Orleans, Louisiana, USA",3000.0
445,UFC - Ultimate Brazil,10/16/1998,"Sao Paulo, Brazil",8500.0
446,UFC 17: Redemption,05/15/1998,"Mobile, Alabama, USA",4200.0
447,UFC 16: Battle in the Bayou,03/13/1998,"New Orleans, Louisiana, USA",4600.0
448,UFC - Ultimate Japan,12/21/1997,"Yokohama, Kanagawa, Japan",5000.0
449,UFC 15: Collision Course,10/17/1997,"Bay St. Louis, Mississippi, USA",1500.0
450,UFC 14: Showdown,07/27/1997,"Birmingham, Alabama, USA",4800.0
451,UFC 13: The Ultimate Force,05/30/1997,"Augusta, Georgia, USA",5100.0
452,UFC 12: Judgement Day,02/07/1997,"Dothan, Alabama, USA",3100.0
453,UFC - Ultimate Ultimate '96,12/07/1996,"Birmingham, Alabama, USA",3000.0
454,UFC 11: The Proving Ground,09/20/1996,"Augusta, Georgia, USA",4500.0
455,UFC 10: The Tournament,07/12/1996,"Birmingham, Alabama, USA",4300.0
456,UFC 9: Motor City Madness,05/17/1996,"Detroit, Michigan, USA",11200.0
457,UFC 8: David vs Goliath,02/16/1996,"San Juan, Puerto Rico",5000.0
458,UFC - Ultimate Ultimate '95,12/16/1995,"Denver, Colorado, USA",2800.0
459,UFC 7: The Brawl in Buffalo,09/08/1995,"Buffalo, New York, USA",9000.0
460,UFC 6: Clash of the Titans,07/14/1995,"Casper, Wyoming, USA",2700.0
461,UFC 5: The Return of the Beast,04/07/1995,"Charlotte, North Carolina, USA",6000.0
462,UFC 4: Revenge of the Warriors,12/16/1994,"Tulsa, Oklahoma, USA",5857.0
463,UFC 3: The American Dream,09/09/1994,"Charlotte, North Carolina, USA",0.0
464,UFC 2: No Way Out,03/11/1994,"Denver, Colorado, USA",2000.0
465,UFC 1: The Beginning,11/12/1993,"Denver, Colorado, USA",2800.0
